Poem Name,Poet,Year,Line,Metaphor Present or Not,Count of the metaphor,Metaphorical Terms,Source Domain,Target Domain,Interpretation
දකින දකින හැම සිහිනෙම,ලොයිඩ් පාලිත හීන්වැල්ල,2023,නොදැක ගෙවෙන හැම දවසම කල්පයකට නැත දෙවෙනි,yes,1,දවසම කල්පයකට නැත දෙවෙනි,කල්පය,දවස,සෑම දවසක්ම කල්පයක් මෙන් දිගය 
දකින දකින හැම සිහිනෙම,ලොයිඩ් පාලිත හීන්වැල්ල,2023,දකින දකින හැම සිහිනෙම නුඹ නැත්නම් අවදිවෙමි,no,0,,,,
සිනිදුතම කැටයම්,pirandenewdays,2018,විස මධුත් සුව දෙන මියුරුතම ගුලාවක්,yes,1,විස මධුත් සුව දෙන මියුරුතම ගුලාවක්,ගුලාව,මධු,විශ සහිත මධුවිත ද මියුරු පානයකි
සිනිදුතම කැටයම්,pirandenewdays,2018,පුන්සදක් උව හෙමිහිට හැන්ගෙනා හැඩක්,no,0,,,,
වරද,තරිඳු ජයසූරිය,2008,සොඳුරැ වරද ආදරේ,yes,1,සොඳුරැ වරද ආදරේ,සොඳුරැ වරද,ආදරය,ආදරය සොඳුරු වරදකි
වරද,තරිඳු ජයසූරිය,2008,මිහිර ගෙනෙයි ජීවිතේ,no,0,,,,
සරසවිය,මනීෂා රාජපක්ෂ,2016,සොඳුරු නවාතැන් පොළකි සරසවිය,yes,1,සොඳුරු නවාතැන් පොළකි සරසවිය,නවාතැන් පොළ,සරසවිය,විශ්ව විද්‍යාලය සොඳුරු නවාතැන් පොළකි
සරසවිය,මනීෂා රාජපක්ෂ,2016,දින මාස ගෙවී යන එහෙත් වයසට නොයන,no,0,,,,
සරසවිය,මනීෂා රාජපක්ෂ,2016,රටම අස්වද්දන මහ බලයකි සරසවිය,yes,1,මහ බලයකි සරසවිය,බලය,සරසවිය,විශ්ව විද්‍යාලය යනු රටටම වැඩදායී මහා බලයකි
සරසවිය,මනීෂා රාජපක්ෂ,2016,උගත් වියතුන් සදන මුලු  රටම බබළවන,no,0,,,,
සමනලුන් අපි,විහන්ගි ගීතිකා රත්නායක,2016,සුර ලොවෙන් මිහි බිමට ගෙන හැරලූ සමනලුන් අපි තටු නැතත් පියැඹූ ,yes,1,සමනලුන් අපි,සමනලුන්,අපි,අපි සුර ලොවෙන් පැමිනි තටු නැති වුවත් පියාඹන සමනලුන් වෙමු
සමනලුන් අපි,විහන්ගි ගීතිකා රත්නායක,2016,සිනහ මිස කඳුළක් නොමැති විමසූ ළමා විය මෘදු සුවඳ මැයි සොඳුරූ,no,0,,,,
ශීත උඳුවප් මහේ ,විහන්ගි ගීතිකා රත්නායක,2016,බෝ රජුගෙ ගුණ කිරණ මට අමා සුවයයි ,yes,1,බෝ රජුගෙ ගුණ කිරණ මට අමා සුවයයි ,නිවන් සුවය,බෝධියේ ගුණ,බෝධියේ ගුණ නිවන් සුවය වැනිය
ශීත උඳුවප් මහේ ,විහන්ගි ගීතිකා රත්නායක,2016,තව් තිසාවක වගෙයි බෝ මලුව සුවඳයි ,no,0,,,,
ශීත උඳුවප් මහේ ,විහන්ගි ගීතිකා රත්නායක,2016,බුදු හිමිගෙ මුව මඩල මට මිහිරි දසුනයි,yes,1,බුදු හිමිගෙ මුව මඩල මට මිහිරි දසුනයි,මිහිරි දසුන,බුදුන් වහන්සේගේ මුව,බුදුන් වහන්සේගේ මුව මඩල මිහිරි දසුනකි
ශීත උඳුවප් මහේ ,විහන්ගි ගීතිකා රත්නායක,2016,මේ විසල් සෙවණ යට නිවී සැනසිල්ලයි,no,0,,,,
උල්පත නුඹයි දුක් ගිණි කන්දරාවේ,විහන්ගි ගීතිකා රත්නායක,2016,උල්පත නුඹයි දුක් ගිණි කන්දරාවේ,yes,1,උල්පත නුඹයි දුක් ගිණි කන්දරාවේ,දුක් ගිනි උල්පත,ඔබ,ඔබ දුක් ගිනි උල්පත (දුකට හේතුව) වේ
උල්පත නුඹයි දුක් ගිණි කන්දරාවේ,විහන්ගි ගීතිකා රත්නායක,2016,කිම ඉඳ හිටක වැහි බීරුම් ගෙනාවේ,no,0,,,,
මුදු පෙමට වඩා හොඳ මිතුරුදමයි ,විහන්ගි ගීතිකා රත්නායක,2016,මුදු සුවඳ හමයි ඔබ කුමුදු මලයි,yes,1,ඔබ කුමුදු මලයි,කුමුදු මල,ඔබ,ඔබ කුමුදු මලකි
මුදු පෙමට වඩා හොඳ මිතුරුදමයි ,විහන්ගි ගීතිකා රත්නායක,2016,හද සුසුම් නැගෙයි නෙතු කඳුලු පිරෙයි,no,0,,,,
මුදු පෙමට වඩා හොඳ මිතුරුදමයි ,විහන්ගි ගීතිකා රත්නායක,2016,මගෙ සිත කැළඹූ පෙම් කුසුම නුඹයි,yes,1,පෙම් කුසුම නුඹයි,පෙම් කුසුම,ඔබ,මගෙ සිත කැළඹූ පෙම් කුසුම (මල) ඔබයි
මුදු පෙමට වඩා හොඳ මිතුරුදමයි ,විහන්ගි ගීතිකා රත්නායක,2016,ඔබ නොදැක ඉන්න නම් බැරිම හැඩයි,no,0,,,,
ආදරය,දුමින්ද අසන්ක රණවීර,2013,අද මගෙ ලෝකය ඔබ පමනයි මට,yes,1,මගෙ ලෝකය ඔබ පමනයි,ලෝකය,ඔබ,මගේ මුලු ලෝකයම ඔබයි
ආදරය,දුමින්ද අසන්ක රණවීර,2013,සදා කල්ම ඔබ රැක ගන්නම්,no,0,,,,
ආදරය,දුමින්ද අසන්ක රණවීර,2013,ඔබයි මගේ සඳ,yes,1,ඔබයි මගේ සඳ,සඳ,ඔබ,මගේ සඳ ඔබයි
ආදරය,දුමින්ද අසන්ක රණවීර,2013,ජීවිතයේ නිසි අරුත කියා දුන්,no,0,,,,
ආදරය,දුමින්ද අසන්ක රණවීර,2013,ඔබ මගෙ ජීවය,yes,1,ඔබ මගෙ ජීවය,ජීවය,ඔබ,මගේ ජීවිතය ඔබයි
ආදරය,දුමින්ද අසන්ක රණවීර,2013,පතා එන්නෙමී භවෙන් භවේ මම,no,0,,,,
ආදරෙයි තවමත්,දුමින්ද අසන්ක රණවීර,2013,මගේ ලොවට ආලෝකය ඔබමයි,yes,1,ආලෝකය ඔබමයි,ආලෝකය,ඔබ,මගේ ලෝකයේ අලෝකය ඔබයි
ආදරෙයි තවමත්,දුමින්ද අසන්ක රණවීර,2013,එලිය රැගෙන ඔබ නැවත එදා මෙන්,no,0,,,,
අහිමි වූ ප්‍රේමය,දුමින්ද අසන්ක රණවීර,2013,ඔබයි මගේ පෙම ඔබ මගෙ ජීවය,yes,1,ඔබ මගෙ ජීවය,ජීවය,ඔබ,මගේ ජීවිතය ඔබයි
අහිමි වූ ප්‍රේමය,දුමින්ද අසන්ක රණවීර,2013,පෙරදා ඔබ මට පැවසුවා,no,0,,,,
ප්‍රේමය හැර ගිය නුබට,දුමින්ද අසන්ක රණවීර,2013,සෙනෙහසේ ගීතය වෙලා ඔබ,yes,1,සෙනෙහසේ ගීතය වෙලා ඔබ,සෙනෙහසේ ගීතය,ඔබ,ඔබ සෙනහසේ ගීතය වෙයි
ප්‍රේමය හැර ගිය නුබට,දුමින්ද අසන්ක රණවීර,2013,මගේ මගේ දිවියට එලිය දුන්නේ,no,0,,,,
ප්‍රේමය හැර ගිය නුබට,දුමින්ද අසන්ක රණවීර,2013,ආදරේ සත්සර වෙලා ඔබ,yes,1,ආදරේ සත්සර වෙලා ඔබ,ආදරේ සත්සර,ඔබ,ඔබ ආදරයේ සත්සරයි
ප්‍රේමය හැර ගිය නුබට,දුමින්ද අසන්ක රණවීර,2013,මගේ හද තුල ලැගුම් ගත්තේ,no,0,,,,
ඡීවිතය ගංගාවකි,ටෙනිල් ඇන්ටන්,2023,ඡීවිතය ගංගාවකි,yes,1,ඡීවිතය ගංගාවකි,ගංගාව,ඡීවිතය,ඡීවිතය ගංගාවකි
ඡීවිතය ගංගාවකි,ටෙනිල් ඇන්ටන්,2023,නිබඳවම ගලා ඇදෙන,no,0,,,,
මා හදවත යකඩයකි ,ටෙනිල් ඇන්ටන්,2023,මා හදවත යකඩයකි,yes,1,මා හදවත යකඩයකි,යකඩය,හදවත,මගේ හදවත යකඩයකි
මා හදවත යකඩයකි ,ටෙනිල් ඇන්ටන්,2023,කම්මල තුළ තැලෙනා,no,0,,,,
සිතුවිල්ල ඔබ,ටෙනිල් ඇන්ටන්,2023,සිතුවිල්ල ඔබ,yes,1,සිතුවිල්ල ඔබ,සිතුවිල්ල,ඔබ,ඔබ සිතුවිල්ලකි
සිතුවිල්ල ඔබ,ටෙනිල් ඇන්ටන්,2023,රෑ දිවා සිත දවාලන,no,0,,,,
සිතුවිල්ල ඔබ,ටෙනිල් ඇන්ටන්,2023,මිරිගුවයි ඔබ,yes,1,මිරිගුවයි ඔබ,මිරිගුව,ඔබ,ඔබ මිරිඟුවකි
සිතුවිල්ල ඔබ,ටෙනිල් ඇන්ටන්,2023,දෙනුවන් නිති මුලාවත,no,0,,,,
සිතුවිල්ල ඔබ,ටෙනිල් ඇන්ටන්,2023,කඳුලැල්ල ඔබ,yes,1,කඳුලැල්ල ඔබ,කඳුලැල්ල,ඔබ,ඔබ කඳුලු ඇල්ලකි
සිතුවිල්ල ඔබ,ටෙනිල් ඇන්ටන්,2023,දෙනයන නිබඳ තෙමාලන,no,0,,,,
සිතුවිල්ල ඔබ,ටෙනිල් ඇන්ටන්,2023,ගීතයයි ඔබ,yes,1,ගීතයයි ඔබ,ගීතය,ඔබ,ඔබ ගීතයකි
සිතුවිල්ල ඔබ,ටෙනිල් ඇන්ටන්,2023,හදවතේ මුළුමනින් නොලියවුන,no,0,,,,
බාඳුරා මල ,ටෙනිල් ඇන්ටන්,2023,බාඳුරා මලකි ඔබ රුදු බවින් දිවි නසන,yes,1,බාඳුරා මලකි ඔබ,බාඳුරා මල,ඔබ,ඔබ දරුණු ලෙස දිවි නසන බාඳුරා මලකි
බාඳුරා මල ,ටෙනිල් ඇන්ටන්,2023,නෙක දසුන් රූ මවා හද කැළුම් පුබුදුවන,no,0,,,,
ලියතඹරා මල,ටෙනිල් ඇන්ටන්,2023,ලියතඹර මලකි ඔබ තවුස් දම් බිඳ දමන,yes,1,ලියතඹර මලකි ඔබ,ලියතඹර මල,ඔබ,ඔබ තවුස් දම් බිඳ දමන ලියතඹර මලකි
ලියතඹරා මල,ටෙනිල් ඇන්ටන්,2023,රත් පියුම් පෙති විදා ධවල සිත් මත බඳින,no,0,,,,
ඔබයි මමයි,ටෙනිල් ඇන්ටන්,2023,ඔබයි සුදු මල කටු අකුලක් තුළ,yes,1,ඔබයි සුදු මල,සුදු මල,ඔබ,කටු අකුලක් තුළ සිටින සුදු මල ඔබයි
ඔබයි මමයි,ටෙනිල් ඇන්ටන්,2023,සුපිපී නිහඬව හැංගී හිතැහෙත,no,0,,,,
ඔබයි මමයි,ටෙනිල් ඇන්ටන්,2023,මමයි රතු මල ඔබේ හද තුළ,yes,1,මමයි රතු මල,රතු මල,මම,ඔබේ හදවත තුළ සිටින රතු මල මමයි
ඔබයි මමයි,ටෙනිල් ඇන්ටන්,2023,පිපී වැඩෙන්නට නොහැකිව ලතවෙත,no,0,,,,
මියෙන දිවිය ,ටෙනිල් ඇන්ටන්,2023,සිහිනයකි අප බිඳුණු පෙන් දම,yes,1,සිහිනයකි අප බිඳුණු පෙන් දම,සිහිනය,බිඳුණු ආදරය,අපගේ බිඳුණු ආදරය සිහිනයකි
මියෙන දිවිය ,ටෙනිල් ඇන්ටන්,2023,වෙන්වෙලා ඔබ නොමැත මා ළඟ,no,0,,,,
රෝස මල,ටෙනිල් ඇන්ටන්,2023,ඔබය මුදු රෝස මල මගේ දිවිය සුවඳ කළ,yes,1,ඔබය මුදු රෝස මල,රෝස මල,ඔබ,මගේ දිවිය සුවඳ කළ මුදු රෝස මල ඔබයි
රෝස මල,ටෙනිල් ඇන්ටන්,2023,ජීවිතේ නේක දුක් මදහසින් නැති කෙරුව,no,0,,,,
දවසත් තවම තරුණයි,ටෙනිල් ඇන්ටන්,2023,හදවත් පුංචි ළදරුයි,yes,1,හදවත් පුංචි ළදරුයි,ළදරුවා,හදවත,හදවත පුංචි ළදරුවෙකි
දවසත් තවම තරුණයි,ටෙනිල් ඇන්ටන්,2023,මාවත නිහඬ පාලුයි,no,0,,,,
අඬ අඳුරු අවන්හල,ටෙනිල් ඇන්ටන්,2023,අඬ අඳුරු අවන්හල ජීවිතේ මංසලයි,yes,1,අඬ අඳුරු අවන්හල ජීවිතේ මංසලයි,අඬ අඳුරු අවන්හල,ජීවිතේ මංසල,ජීවිතේ මංසල අඬ අඳුරු අවන්හලකි
අඬ අඳුරු අවන්හල,ටෙනිල් ඇන්ටන්,2023,දෙතොල් තද සීතලයි උණුසුමට දුම්වැටියි,no,0,,,,
අඬ අඳුරු අවන්හල,ටෙනිල් ඇන්ටන්,2023,අඬ අඳුරු පාළු බිම ජීවිතේ සහනයයි,yes,1,අඬ අඳුරු පාළු බිම ජීවිතේ සහනයයි,අඬ අඳුරු පාළු බිම,ජීවිතේ සහනය,ජීවිතේ සහනය අඬ අඳුරු පාළු බිමකි
අඬ අඳුරු අවන්හල,ටෙනිල් ඇන්ටන්,2023,මුළු ගතම සිසිලසයි උණුසුමට මධු විතයි,no,0,,,,
යළි නොහැරෙන්ට යා යුතු ගමනකි නිවන,කලනි රුවන්පතිරන,2019,මේ ජීවිතය දැල්වෙන මැටි පහනක් ය,yes,1,මේ ජීවිතය දැල්වෙන මැටි පහනක් ය,දැල්වෙන මැටි පහන,ජීවිතය,මේ ජීවිතය දැල්වෙන මැටි පහනකි
යළි නොහැරෙන්ට යා යුතු ගමනකි නිවන,කලනි රුවන්පතිරන,2019,තෙල් ඇති තුරා ඇවිලෙන එක තිරයක් ය,no,0,,,,
යළි නොහැරෙන්ට යා යුතු ගමනකි නිවන,කලනි රුවන්පතිරන,2019,පින් මදි වෙද්දි එන මරණය සුළඟක් ය,yes,1,පින් මදි වෙද්දි එන මරණය සුළඟක් ය,සුළඟ,මරණය,පින් මදි වෙද්දි එන මරණය සුළඟකි
යළි නොහැරෙන්ට යා යුතු ගමනකි නිවන,කලනි රුවන්පතිරන,2019,පව් පළ දෙන්න යන්නේ එක ක්‍ෂණයක් ය,no,0,,,,
යළි නොහැරෙන්ට යා යුතු ගමනකි නිවන,කලනි රුවන්පතිරන,2019,යළි නොහැරෙන්ට යා යුතු ගමනකි නිවන,yes,1,යළි නොහැරෙන්ට යා යුතු ගමනකි නිවන,යලි නොඑන ගමන,නිවන,නිවන යනු යලි නොඑන ගමනකි
යළි නොහැරෙන්ට යා යුතු ගමනකි නිවන,කලනි රුවන්පතිරන,2019,අර ගෙන යන්න ඇත්තේ කළ පින පමණ,no,0,,,,
යළි නොහැරෙන්ට යා යුතු ගමනකි නිවන,කලනි රුවන්පතිරන,2019,නිවි නිවි යළිත් දැල්වෙන ජීවිත පහන,yes,1,නිවි නිවි යළිත් දැල්වෙන ජීවිත පහන,නිවි නිවි දැල්වෙන පහන,ජීවිතය,ජීවිතය යනු නිවි නිවි දැල්වෙන පහනකි
යළි නොහැරෙන්ට යා යුතු ගමනකි නිවන,කලනි රුවන්පතිරන,2019,සසරේ නවාතැන් නම් සිය දහක් ඇත,no,0,,,,
යළි නොහැරෙන්ට යා යුතු ගමනකි නිවන,කලනි රුවන්පතිරන,2019,වැටි වැටි යන්ට දඟලන සසරේ ගමන,yes,1,වැටි වැටි යන්ට දඟලන සසරේ ගමන,වැටි වටි යන ගමන,සසර,සසර යනු වැටි වටි යන ගමනකි
යළි නොහැරෙන්ට යා යුතු ගමනකි නිවන,කලනි රුවන්පතිරන,2019,ටික කාලෙකට හමු වෙන සගයිනුත් වෙත,no,0,,,,
නොකියූ කව,කලනි රුවන්පතිරන,2004,ඈත සිට ආ සුවඳ ඔබමය,yes,1,ඈත සිට ආ සුවඳ ඔබමය,ඈත සිට ආ සුවඳ,ඔබ,ඈත සිට ආ සුවඳ ඔබයි
නොකියූ කව,කලනි රුවන්පතිරන,2004,ඈත සිට විත් සුවඳ දී මට,no,0,,,,
නොකියූ කව,කලනි රුවන්පතිරන,2004,සීත අරණේ සුලඟ ඔබමය,yes,1,සීත අරණේ සුලඟ ඔබමය,සීත අරණ,ඔබ,සීත අරණේ සුලඟ ඔබයි
නොකියූ කව,කලනි රුවන්පතිරන,2004,මටත් රහසෙම දුර ගියා නුඹ,no,0,,,,
නොකියූ කව,කලනි රුවන්පතිරන,2004,නීල නිලුපුල් මල ද ඔබමය,yes,1,නීල නිලුපුල් මල ද ඔබමය,නිල් නිලුපුල් මල,ඔබ,නිල් නිලුපුල් මල ඔබයි
නොකියූ කව,කලනි රුවන්පතිරන,2004,සිසිල පුදදී දැවුනු කතරට,no,0,,,,
නොකියූ කව,කලනි රුවන්පතිරන,2004,මසිත දැල්වුන පහන ඔබමය,yes,1,මසිත දැල්වුන පහන ඔබමය,දැල්වුන පහන,ඔබ,මගේ සිතේ දැල්වුන පහන ඔබයි
නොකියූ කව,කලනි රුවන්පතිරන,2004,මදින් මද විකසිත ව මා සිත,no,0,,,,
නොකියූ කව,කලනි රුවන්පතිරන,2004,මද සුලඟ වී නික්මුණා නුඹ,yes,1,මද සුලඟ වී නික්මුණා නුඹ,මද සුලඟ,ඔබ,ඔබ මද සුලඟ වී නික්ම ගියා
නොකියූ කව,කලනි රුවන්පතිරන,2004,උදා ගිර ලා එලිය විහිදන,no,0,,,,
සරා සඳ,කලනි රුවන්පතිරන,1998,නිදන සඳ මහී ලඳ,yes,1,නිදන සඳ මහී ලඳ,කාන්තාව,නිදන සඳ,නිදන සඳ කාන්තාවකි
සරා සඳ,කලනි රුවන්පතිරන,1998,පොකුරු තරු පිපෙන සඳ,no,0,,,,
සරා සඳ,කලනි රුවන්පතිරන,1998,නුඹම වේ මගේ සඳ,yes,1,නුඹම වේ මගේ සඳ,සඳ,ඔබ,ඔබ මගේ සඳ වෙයි
සරා සඳ,කලනි රුවන්පතිරන,1998,නසන සඳ වී සු හද,no,0,,,,
පහන නොසැලේ නම්,කලනි රුවන්පතිරන,2005,අහස ඔබ නම් තරුව මම වෙමි,yes,1,තරුව මම වෙමි,තරුව,මම,ඔබ අහස නම් තරුව මම වෙමි
පහන නොසැලේ නම්,කලනි රුවන්පතිරන,2005,රුවන් තරුවක් යදින අහසකි,no,0,,,,
පහන නොසැලේ නම්,කලනි රුවන්පතිරන,2005,පහන ඔබ නම් පහන් සිල වෙමි,yes,1,පහන් සිල වෙමි,පහන් සිල,මම,ඔබ පහන නම් මම පහන් සිල වෙමි
පහන නොසැලේ නම්,කලනි රුවන්පතිරන,2005,පහන් සිළුවක් පතන පහනකි,no,0,,,,
පහන නොසැලේ නම්,කලනි රුවන්පතිරන,2005,ගඟුල ඔබ නම් සයුර මම වෙමි,yes,1,සයුර මම වෙමි,සයුර,මම,ඔබ ගඟුල නම් මම මුහුද වෙමි
පහන නොසැලේ නම්,කලනි රුවන්පතිරන,2005,නොනිමි සයුරක් සොයන ගඟුලකි,no,0,,,,
අප්‍රේල් මහේ දුටු නොදුටු සිහිනය,උදය ආර්. තෙන්නකෝන්,2014,විප්ලවය කියන්නේ ඒ අඳින සිතුවම්,yes,1,විප්ලවය කියන්නේ ඒ අඳින සිතුවම්,සිතුවම්,විප්ලවය,විප්ලවය යනු එම අඳින සිතුවම් වේ
අප්‍රේල් මහේ දුටු නොදුටු සිහිනය,උදය ආර්. තෙන්නකෝන්,2014,උද්‍යාන මධ්‍යෙයහි චේ ලෙනින් සුරුවම්,no,0,,,,
අප්‍රේල් මහේ දුටු නොදුටු සිහිනය,උදය ආර්. තෙන්නකෝන්,2014,අප්‍රේල් මාසය අලුත් නිදහස වෙම්,yes,1,අප්‍රේල් මාසය අලුත් නිදහස වෙම්,නිදහස,අප්‍රේල්,අප්‍රේල් මාසය අලුත් නිදහස වෙයි
අප්‍රේල් මහේ දුටු නොදුටු සිහිනය,උදය ආර්. තෙන්නකෝන්,2014,කොවුල් නද හා එරබදු රතු පාට ගැලපෙම්,no,0,,,,
කවියකින් ඉකිලන අකුරු නැති ප්‍රේමය,උදය ආර්. තෙන්නකෝන්,2013,මිරිඟුවක් උණත් ඇස් රවටන ගීතයකි හිත පුරා රැව් නැගෙන කවියකින් ඉකිලන අකුරු නැති ප්‍රේමය,yes,1,මිරිඟුවක් අකුරු නැති ප්‍රේමය,මිරිඟුව,ආදරය,කවියකින් කියන අකුරු නැති ප්‍රේමය මිරිඟුවකි ඇස් රවටන
කවියකින් ඉකිලන අකුරු නැති ප්‍රේමය,උදය ආර්. තෙන්නකෝන්,2013,කාලයෙන් වසා  සඟවන්න නොහැක යුගයකට ජය ගන්න,no,0,,,,
මොන තරම් සැපයක් ද සැබෑවක් වේ නම්,උදය ආර්. තෙන්නකෝන්,2012,නපුර පරදා ලබන ජය නම් වේය නිර්වානෙ ලබන මනරම්,yes,1,නපුර පරදා ලබන ජය නම් වේය නිර්වානෙ,නපුර පරදා ලබන ජය,නිවන,නපුර පරදා ලබන ජය නිරවානය මෙන් මනරම් වේ
මොන තරම් සැපයක් ද සැබෑවක් වේ නම්,උදය ආර්. තෙන්නකෝන්,2012,එන්නට හිතුණෙ නැති නම් ගිල්වන්න අඳුරෙ හැකි නම්,no,0,,,,
ඒ සබඳකම්,උදය ආර්. තෙන්නකෝන්,2012,ලියවුණු සෙල් ලිපි ය ඒ සබඳකම්,yes,1,ලියවුණු සෙල් ලිපි ය ඒ සබඳකම්,සෙල් ලිපිය,සබඳකම,එම සබඳකම් ලියවුණු සෙල් ලිපි වැනිය
ඒ සබඳකම්,උදය ආර්. තෙන්නකෝන්,2012,පටුනක නම්වලින් පරිච්ඡේද පෙරලමින්,no,0,,,,
රටා දමා අරගලයේ පැදුර වියනු මැන,උදය ආර්. තෙන්නකෝන්,2012,රටට සම්පතක් වේ නම් දරුවන් විය යුත්තේ,yes,1,රටට සම්පතක් වේ නම් දරුවන් විය යුත්තේ,රටේ සම්පත,දරුවන්,රටේ සම්පත දරුවන් වේ
රටා දමා අරගලයේ පැදුර වියනු මැන,උදය ආර්. තෙන්නකෝන්,2012,ඉගැනුම සම්පත වේ නම් නිදහස විය යුත්තේ,no,0,,,,
රටා දමා අරගලයේ පැදුර වියනු මැන,උදය ආර්. තෙන්නකෝන්,2012,උන්ට සම්පතක් වේ නම් ඉගැනුම විය යුත්තේ,yes,1,උන්ට සම්පතක් වේ නම් ඉගැනුම විය යුත්තේ,අධ්‍යාපනය,සම්පත,ඔවුන්ගේ සම්පත අධ්‍යාපනය වේ
රටා දමා අරගලයේ පැදුර වියනු මැන,උදය ආර්. තෙන්නකෝන්,2012,වනසන නිදහස වේ නම් අරගලයය් ඇත්තේ,no,0,,,,
බිඳුණු අහස,උදය ආර්. තෙන්නකෝන්,2009,හිස් කොලයකි මනස,yes,1,හිස් කොලයකි මනස,හිස් කොලය,මනස,මනස හිස් කොලයකි
බිඳුණු අහස,උදය ආර්. තෙන්නකෝන්,2009,පැතිරුණු  නිල් අහස,no,0,,,,
බිඳුණු අහස,උදය ආර්. තෙන්නකෝන්,2009,රාමු කළ සිතුවමකි අහස,yes,1,රාමු කළ සිතුවමකි අහස,රාමු කළ සිතුවම,අහස,අහස රාමු කළ සිතුවමකි
බිඳුණු අහස,උදය ආර්. තෙන්නකෝන්,2009,කෙමෙන් හිරු බටහිරට,no,0,,,,
නිමලරූබන්,උදය ආර්. තෙන්නකෝන්,2012,ලියන්නට බැරි දුකකි මේ රුදුරු ශාපය,yes,1,ලියන්නට බැරි දුකකි මේ රුදුරු ශාපය,ලිවිය නොහැකි දුක,ශාපය,මේ දරුණු ශාපය ලිවිය නොහැකි දුකකි
නිමලරූබන්,උදය ආර්. තෙන්නකෝන්,2012,අවලංගු මිනිස්කම් කරලියෙහි හැමතැනම,no,0,,,,
නිමලරූබන්,උදය ආර්. තෙන්නකෝන්,2012,නිමල රූ පිළිමයකි නුඹ නුදුරු  නිදහසක,yes,1,නිමල රූ පිළිමයකි නුඹ,පිළිමය,ඔබ,ඔබ නිර්මල රූ පිළිමයකි නුදුරු අනාගතයේදී
නිමලරූබන්,උදය ආර්. තෙන්නකෝන්,2012,නිමල සිත් තිබුණාට සසල වූ කාලයක,no,0,,,,
හෙටත් මේ අදම ද,උදය ආර්. තෙන්නකෝන්,2012,කරුමයකි ජීවිත රූ කය,yes,1,කරුමයකි ජීවිත රූ කය,කර්මය,ශරීරය,ශරීරය කර්මයකි ජීවිතයේ
හෙටත් මේ අදම ද,උදය ආර්. තෙන්නකෝන්,2012,වයසට උඩින් පැන,no,0,,,,
ගැලිලියෝ දුටු රට,උදය ආර්. තෙන්නකෝන්,2012,ලජ්ජා බයක් නැති උන් ජාතික වස්තූ,yes,1,ලජ්ජා බයක් නැති උන් ජාතික වස්තූ,ජාතික වස්තුව,ඔවුන්,ලජ්ජා බයක් නැති ඔවුන් ජාතික වස්තු වේ
ගැලිලියෝ දුටු රට,උදය ආර්. තෙන්නකෝන්,2012,අමුතුම ජාතියක් සුදු වත ඇඳ ගත්තු,no,0,,,,
ගැලිලියෝ දුටු රට,උදය ආර්. තෙන්නකෝන්,2012,නරා වලකි අඩු වැඩි කෙළෙසුන මනස,yes,1,නරා වලකි අඩු වැඩි කෙළෙසුන මනස,නරා වල,කෙළෙසුන මනස,කෙළෙසුන මනස අඩු හෝ වැඩි වශයෙන් නරා වලකි (අපා වලකි)
ගැලිලියෝ දුටු රට,උදය ආර්. තෙන්නකෝන්,2012,කුණු ලේ පාට රෙදි කඩ ගෙල ලා ගත්තු,no,0,,,,
ගැලිලියෝ දුටු රට,උදය ආර්. තෙන්නකෝන්,2012,දුකම තමයි සැප කියනා අඳ වෙනස,yes,1,දුකම තමයි සැප කියනා අඳ වෙනස,සැප නම් අන්ධ වෙනස,දුක,දුක යනු සැප නම් අන්ධ වෙනස කි
ගැලිලියෝ දුටු රට,උදය ආර්. තෙන්නකෝන්,2012,බලා හිඳින ඇස් ඉදිරියෙ ඩැහැ ගත්තු,no,0,,,,
ගැලිලියෝ දුටු රට,උදය ආර්. තෙන්නකෝන්,2012,උණ්ඩය තමයි හෙණ්ඩුව රජකම රුකෙන කෙණ්ඩිය,yes,1,උණ්ඩය තමයි හෙණ්ඩුව,හෙණ්ඩුව,උණ්ඩය,රජකම රුකෙන හෙණ්ඩුව නම් උණ්ඩයයි
ගැලිලියෝ දුටු රට,උදය ආර්. තෙන්නකෝන්,2012,ලොකු පොඩි කමෙහි වෙනසක් මිස නැත වෙනස,no,0,,,,
ගැලිලියෝ දුටු රට,උදය ආර්. තෙන්නකෝන්,2012,පවුලම තමයි තොණ්ඩුව අවසන් කරන කණ්ඩිය,yes,1,පවුලම තමයි තොණ්ඩුව,තොණ්ඩුව,පවුල,පවුල යනු කණ්ඩිය අවසන් කරන තොණ්ඩුවයි
ගැලිලියෝ දුටු රට,උදය ආර්. තෙන්නකෝන්,2012,එදා වේල සපයා ගෙන කල දවස,no,0,,,,
සැත්කමක්,උදය ආර්. තෙන්නකෝන්,2012,මෙරු වගේ ජීවිතය,yes,1,මෙරු වගේ ජීවිතය,මෙරු,ජීවිතය,ජීවිතය මෙරුවන් වැනිය
සැත්කමක්,උදය ආර්. තෙන්නකෝන්,2012,පැති ගොඩක් ඇත්ත ඇති,no,0,,,,
සිහිනයක් තුල සිහිනයක්,උදය ආර්. තෙන්නකෝන්,2012,අප දකින හෝ පෙනෙන හැම දෙය සිහිනයක් තුළ සිහිනයක් පමණි,yes,1,අප දකින හෝ පෙනෙන හැම දෙය සිහිනයක් තුළ සිහිනයක් පමණි,සිහිනයක් තුළ සිහිනය,දකින පෙනෙන සියල්ල,අප දකින පෙනෙන සියල්ලම සිහිනයක් තුළ සිහිනයකි
සිහිනයක් තුල සිහිනයක්,උදය ආර්. තෙන්නකෝන්,2012,මා හා විසුව දින සිහිනයකි තවමත්,no,0,,,,
ආදර ලකුණ,උදය ආර්. තෙන්නකෝන්,2016,හුදී ජන මිනිසාට උඩු කයයි ආගම,yes,1,හුදී ජන මිනිසාට උඩු කයයි ආගම,ආගම,උඩු කය,මිනිසුන්ට ආගම උඩු කය මෙනි
ආදර ලකුණ,උදය ආර්. තෙන්නකෝන්,2016,කුරුල්ලෙක් දෙස බලා උදාවෙන සැනසුම,no,0,,,,
යළි පැමිණි දා කන්ද,උදය ආර්. තෙන්නකෝන්,2012,මහ කන්ද යෝධයෙකි මගෙ කුඩා සන්දිය,yes,1,මහ කන්ද යෝධයෙකි,යෝධයා,කන්ද,කුඩා කාලයේදී දුටු කන්ද විශාල යෝධයෙකි
යළි පැමිණි දා කන්ද,උදය ආර්. තෙන්නකෝන්,2012,ඇවිද ගොස් දිගේ වැව් කණ්ඩිය,no,0,,,,
යළි පැමිණි දා කන්ද,උදය ආර්. තෙන්නකෝන්,2012,ගමේ හිඳි මම කුරා කුහුඹුවෙකි,yes,1,මම කුරා කුහුඹුවෙකි,කූඹියා,මම,ගමේ සිටි මම කුඩා කූඹියෙකි
යළි පැමිණි දා කන්ද,උදය ආර්. තෙන්නකෝන්,2012,ගල් පොත්ත එලිබහින මණ්ඩිය,no,0,,,,
යළි පැමිණි දා කන්ද,උදය ආර්. තෙන්නකෝන්,2012,කන්ද මගෙ හිතේ ඇඳි යෝධයෙකි,yes,1,කන්ද මගෙ හිතේ ඇඳි යෝධයෙකි,යෝධයා,කන්ද,කන්ද මගෙ හිතේ ඇඳී ඇත්තේ යෝධයෙක් ලෙසයි
යළි පැමිණි දා කන්ද,උදය ආර්. තෙන්නකෝන්,2012,බලාගෙන මීදුමෙන් සළු අඳින හැන්ඩිය,no,0,,,,
යළි පැමිණි දා කන්ද,උදය ආර්. තෙන්නකෝන්,2012,යළි පැමිණ දුටු කන්ද මට වඩා මහල්ලෙකි,yes,1,කන්ද මට වඩා මහල්ලෙකි,මහල්ලා,කන්ද,යලි පැමිණ දුටු කන්ද මටත් වඩා මහල්ලෙකි
යළි පැමිණි දා කන්ද,උදය ආර්. තෙන්නකෝන්,2012,කන්ද දෙස බලාගෙන ගැන්න හැටි ඇඟිලී,no,0,,,,
සුවඳක් වීම මිහිරක්,උදය ආර්. තෙන්නකෝන්,2011,සත්‍යය කටුක මිහිරක්ය,yes,1,සත්‍යය කටුක මිහිරක්ය,කටුක මිහිර,සත්‍යය,සත්‍යය යනු කටුක මිහිරකි
සුවඳක් වීම මිහිරක්,උදය ආර්. තෙන්නකෝන්,2011,බහුතරයේ සුලුතරය සුලුතරයේ ද සුලුතරය,no,0,,,,
සුවඳක් වීම මිහිරක්,උදය ආර්. තෙන්නකෝන්,2011,සබඳ මේ විශ්වයම විහිලුවක් නේද හිතුවම,yes,1,විශ්වයම විහිලුවක් නේද,විහිලුව,විශ්වයම,මේ විශ්වයම විහිලුවක් නොවේද
සුවඳක් වීම මිහිරක්,උදය ආර්. තෙන්නකෝන්,2011,ඇති වී පැවත නැතිව යන,no,0,,,,
මරණය රමණීය,උදය ආර්. තෙන්නකෝන්,2011,මිනිහෙකු මරන එක සිල්ලර කාසි වුණී,yes,1,මිනිහෙකු මරන එක සිල්ලර කාසි වුණී,සිල්ලර කාසි,මිනී මැරීම,මිනී මැරීම සිල්ලර කාසි මෙන් පහසු වුණි
මරණය රමණීය,උදය ආර්. තෙන්නකෝන්,2011,අකුරු කළ ද ඇතුල අරුත මග හැරුණී,no,0,,,,
